{"camera_matrix": [[348.84098350303697, 0.0, 319.8632247531115], [0.0, 353.8026418797173, 226.6890922207727], [0.0, 0.0, 1.0]], "dist_coeffs": [[-0.36106513453359684, 0.1311404243644592, -0.0002473832940155458, 0.0005495752596807695, -0.021727495344847334]], "err": 0.5663579459179843}