{"camera_matrix": [[621.3089079571079, 0.0, 381.05279489986253], [0.0, 614.8706022228123, 244.2782675076627], [0.0, 0.0, 1.0]], "dist_coeffs": [[0.13716955681420503, 0.0157357510845317, -0.0001705956310666499, 0.028768458121564002, -0.3693887617617259]], "err": 0.5631074331929885}